{
    "RepetitionTime": 2.2,
    "EchoTime": 0.028,
    "TaskName": "moviewatching",
    "PhaseEncodingDirection": "j",
    "SliceEncodingDirection": "i-",
    "ParallelReductionFactorInPlane": 0,
    "FlipAngle": 90,
    "WaterFatShift": 12.482,
    "PulseSequenceType": "gradient echo EPI",
    "NumberOfVolumesDiscardedByScanner": 1,
    "EffectiveEchoSpacing": 0.0004491592855135947,
    "TotalReadoutTime": 0.028297034987356466,
    "SliceTiming": [
        0.0,
        0.0476,
        0.0952,
        0.1429,
        0.1905,
        0.2381,
        0.2857,
        0.3333,
        0.381,
        0.4286,
        0.4762,
        0.5238,
        0.5714,
        0.619,
        0.6667,
        0.7143,
        0.7619,
        0.8095,
        0.8571,
        0.9048,
        0.9524,
        1.0,
        1.0476,
        1.0952,
        1.1429,
        1.1905,
        1.2381,
        1.2857,
        1.3333,
        1.381,
        1.4286,
        1.4762,
        1.5238,
        1.5714,
        1.619,
        1.6667,
        1.7143,
        1.7619,
        1.8095,
        1.8571,
        1.9048,
        1.9524
    ]
}